{"cameraMode":{"drawMode":0,"name":"Shaded","section":"Shading Mode"},"sceneLighting":true,"audioPlay":false,"sceneViewState":{"showFog":true,"showMaterialUpdate":false,"showSkybox":true,"showFlares":true,"showImageEffects":true,"showParticleSystems":true},"in2DMode":false,"pivot":{"x":-0.7518860101699829,"y":1.0205835103988648,"z":0.9339030385017395},"rotation":{"x":-0.2427883893251419,"y":0.11145675927400589,"z":-0.028094250708818437,"w":-0.9632497429847717},"size":5.6660261154174809,"orthographic":false}